Дата время;Температура;Ощущается как;Давление, мм рт.ст.;Влажность;Точка росы;Облачность, %;Скорость ветра;Направление ветра, град.;Погодные условия;Дождь, мм/ч;Снег, мм/ч;Восход;Закат
2023-01-01 12:00:00;2.31;-2.29;755;98;2.03;100;5.51;232;пасмурно;0.;0.;2023-01-01 08:59:35;2023-01-01 16:05:39
2023-01-02 12:00:00;0.23;-5.42;761;74;-3.41;24;6.55;287;небольшая облачность;0.;0.;2023-01-02 08:59:20;2023-01-02 16:06:49
2023-01-03 12:00:00;-2.0;-6.87;755;95;-2.61;100;4.18;131;снег;0.;0.58;2023-01-03 08:59:00;2023-01-03 16:08:03
2023-01-04 12:00:00;-3.92;-9.43;761;85;-5.82;100;4.44;331;пасмурно;0.;0.;2023-01-04 08:58:37;2023-01-04 16:09:20
2023-01-05 12:00:00;-7.46;-12.27;755;88;-8.92;100;2.83;29;пасмурно;0.;0.;2023-01-05 08:58:10;2023-01-05 16:10:41
2023-01-06 12:00:00;-22.46;-29.46;766;79;-24.85;45;3.8;347;переменная облачность;0.;0.;2023-01-06 08:57:38;2023-01-06 16:12:05
2023-01-07 12:00:00;-23.3;-30.3;773;80;-25.54;94;2.6;334;пасмурно;0.;0.;2023-01-07 08:57:03;2023-01-07 16:13:32
2023-01-08 12:00:00;-17.39;-23.59;776;84;-19.23;100;2.48;298;пасмурно;0.;0.;2023-01-08 08:56:24;2023-01-08 16:15:02
2023-01-09 12:00:00;-17.33;-24.33;778;86;-18.92;100;4.95;132;пасмурно;0.;0.;2023-01-09 08:55:41;2023-01-09 16:16:34
2023-01-10 12:00:00;-13.88;-20.88;780;80;-16.3;100;6.12;148;пасмурно;0.;0.;2023-01-10 08:54:55;2023-01-10 16:18:10
2023-01-11 12:00:00;-10.89;-17.89;778;69;-14.98;100;6.07;181;пасмурно;0.;0.;2023-01-11 08:54:05;2023-01-11 16:19:48
2023-01-12 12:00:00;-8.42;-15.42;773;78;-11.22;71;5.09;176;облачно с прояснениями;0.;0.;2023-01-12 08:53:11;2023-01-12 16:21:29
2023-01-13 12:00:00;-5.94;-12.94;769;85;-7.81;100;6.39;204;пасмурно;0.;0.;2023-01-13 08:52:14;2023-01-13 16:23:12
2023-01-14 12:00:00;-2.54;-8.28;768;90;-3.79;100;5.31;193;пасмурно;0.;0.;2023-01-14 08:51:13;2023-01-14 16:24:58
2023-01-15 12:00:00;-2.03;-7.8;767;87;-3.69;100;5.58;185;пасмурно;0.;0.;2023-01-15 08:50:09;2023-01-15 16:26:45
2023-01-16 12:00:00;-4.66;-11.22;763;87;-6.28;96;5.76;171;пасмурно;0.;0.;2023-01-16 08:49:02;2023-01-16 16:28:35
2023-01-17 12:00:00;-1.2;-6.79;762;93;-2.07;100;5.66;165;пасмурно;0.;0.;2023-01-17 08:47:51;2023-01-17 16:30:27
2023-01-18 12:00:00;0.17;-5.39;763;88;-1.39;100;6.32;157;пасмурно;0.;0.;2023-01-18 08:46:38;2023-01-18 16:32:21
2023-01-19 12:00:00;1.87;-3.25;763;93;0.86;100;6.39;170;пасмурно;0.;0.;2023-01-19 08:45:21;2023-01-19 16:34:16
2023-01-20 12:00:00;2.96;-1.89;765;86;0.85;100;6.46;174;пасмурно;0.;0.;2023-01-20 08:44:01;2023-01-20 16:36:13
2023-01-21 12:00:00;-2.75;-7.25;775;76;-5.98;100;3.49;138;пасмурно;0.;0.;2023-01-21 08:42:39;2023-01-21 16:38:12
2023-01-22 12:00:00;-3.83;-6.9;778;90;-5.07;99;1.99;172;пасмурно;0.;0.;2023-01-22 08:41:13;2023-01-22 16:40:12
2023-01-23 12:00:00;-3.64;-6.58;782;92;-4.62;93;1.92;159;пасмурно;0.;0.;2023-01-23 08:39:45;2023-01-23 16:42:13
2023-01-24 12:00:00;-2.62;-6.71;779;92;-3.61;100;3.06;226;пасмурно;0.;0.;2023-01-24 08:38:14;2023-01-24 16:44:16
2023-01-25 12:00:00;-2.25;-5.41;773;92;-3.24;96;2.26;228;пасмурно;0.;0.;2023-01-25 08:36:40;2023-01-25 16:46:20
2023-01-26 12:00:00;-2.37;-7.61;767;91;-3.49;99;4.59;231;пасмурно;0.;0.;2023-01-26 08:35:04;2023-01-26 16:48:25
2023-01-27 12:00:00;-2.32;-7.23;765;94;-3.06;95;4.13;235;пасмурно;0.;0.;2023-01-27 08:33:25;2023-01-27 16:50:31
2023-01-28 12:00:00;-3.69;-6.74;769;94;-4.42;98;1.99;38;пасмурно;0.;0.;2023-01-28 08:31:44;2023-01-28 16:52:37
2023-01-29 12:00:00;-2.84;-7.16;762;90;-4.09;95;3.26;230;пасмурно;0.;0.;2023-01-29 08:30:00;2023-01-29 16:54:45
2023-01-30 12:00:00;-1.92;-7.62;752;93;-2.79;100;5.51;197;пасмурно;0.;0.;2023-01-30 08:28:14;2023-01-30 16:56:53
2023-01-31 12:00:00;-0.65;-6.2;750;89;-2.05;98;5.86;216;пасмурно;0.;0.;2023-01-31 08:26:26;2023-01-31 16:59:02
2023-02-01 12:00:00;0.21;-4.22;755;90;-1.09;97;4.29;193;пасмурно;0.;0.;2023-02-01 08:24:36;2023-02-01 17:01:12
2023-02-02 12:00:00;-1.31;-5.73;756;85;-3.25;95;3.78;156;пасмурно;0.;0.;2023-02-02 08:22:44;2023-02-02 17:03:22
2023-02-03 12:00:00;0.33;-4.03;757;91;-0.85;100;4.23;177;пасмурно;0.;0.;2023-02-03 08:20:49;2023-02-03 17:05:32
2023-02-04 12:00:00;-0.68;-0.68;762;89;-2.08;98;1.19;31;пасмурно;0.;0.;2023-02-04 08:18:53;2023-02-04 17:07:43
2023-02-05 12:00:00;-2.31;-5.71;770;91;-3.43;98;2.46;351;пасмурно;0.;0.;2023-02-05 08:16:55;2023-02-05 17:09:54
2023-02-06 12:00:00;-5.14;-5.14;774;79;-7.87;100;0.98;332;пасмурно;0.;0.;2023-02-06 08:14:54;2023-02-06 17:12:05
2023-02-07 12:00:00;-5.1;-5.1;781;82;-7.4;96;0.3;150;пасмурно;0.;0.;2023-02-07 08:12:52;2023-02-07 17:14:17
2023-02-08 12:00:00;-4.87;-10.35;781;82;-7.17;74;4.1;255;облачно с прояснениями;0.;0.;2023-02-08 08:10:49;2023-02-08 17:16:28
2023-02-09 12:00:00;-1.09;-3.08;776;93;-1.96;99;1.55;264;пасмурно;0.;0.;2023-02-09 08:08:43;2023-02-09 17:18:40
2023-02-10 12:00:00;-2.41;-8.58;765;76;-5.64;65;6.14;211;облачно с прояснениями;0.;0.;2023-02-10 08:06:36;2023-02-10 17:20:52
2023-02-11 12:00:00;-2.51;-8.18;761;79;-5.29;100;5.21;220;пасмурно;0.;0.;2023-02-11 08:04:27;2023-02-11 17:23:03
2023-02-12 12:00:00;-4.34;-11.34;761;79;-7.08;64;8.12;340;облачно с прояснениями;0.;0.;2023-02-12 08:02:17;2023-02-12 17:25:15
2023-02-13 12:00:00;-2.92;-7.95;760;91;-4.04;100;4.1;247;пасмурно;0.;0.;2023-02-13 08:00:05;2023-02-13 17:27:26
2023-02-14 12:00:00;0.49;-5.05;757;87;-1.25;91;6.46;353;пасмурно;0.;0.;2023-02-14 07:57:52;2023-02-14 17:29:38
2023-02-15 12:00:00;-2.59;-9.04;767;74;-6.13;77;6.58;8;облачно с прояснениями;0.;0.;2023-02-15 07:55:38;2023-02-15 17:31:49
2023-02-16 12:00:00;-4.15;-4.15;775;78;-7.04;100;1;20;пасмурно;0.;0.;2023-02-16 07:53:22;2023-02-16 17:34:00
2023-02-17 12:00:00;-5.66;-8.99;769;82;-7.95;100;1.96;138;пасмурно;0.;0.;2023-02-17 07:51:04;2023-02-17 17:36:11
2023-02-18 12:00:00;-6.34;-13.34;758;80;-8.9;100;6.6;146;пасмурно;0.;0.;2023-02-18 07:48:46;2023-02-18 17:38:21
2023-02-19 12:00:00;-7.1;-14.1;749;85;-8.96;100;5.6;130;небольшой снег;0.;0.26;2023-02-19 07:46:26;2023-02-19 17:40:32
2023-02-20 12:00:00;-7.1;-12.17;749;83;-9.23;100;3.13;45;пасмурно;0.;0.;2023-02-20 07:44:05;2023-02-20 17:42:42
2023-02-21 12:00:00;-12.86;-19.81;746;79;-15.43;100;3.74;34;пасмурно;0.;0.;2023-02-21 07:41:43;2023-02-21 17:44:51
2023-02-22 12:00:00;-14.01;-21.01;758;73;-17.4;100;5.87;339;пасмурно;0.;0.;2023-02-22 07:39:20;2023-02-22 17:47:01
2023-02-23 12:00:00;-10.76;-17.76;765;74;-14.09;100;5.06;318;пасмурно;0.;0.;2023-02-23 07:36:56;2023-02-23 17:49:10
2023-02-24 12:00:00;-6.6;-12.97;755;83;-8.74;100;4.72;219;небольшой снег;0.;0.27;2023-02-24 07:34:31;2023-02-24 17:51:18
2023-02-25 12:00:00;1.04;-2.9;748;92;-0.1;100;3.85;198;пасмурно;0.;0.;2023-02-25 07:32:05;2023-02-25 17:53:27
2023-02-26 12:00:00;1.2;-4.78;746;83;-1.2;91;8.03;222;пасмурно;0.;0.;2023-02-26 07:29:38;2023-02-26 17:55:35
2023-02-27 12:00:00;-2.88;-8.57;763;81;-5.36;100;5.08;296;пасмурно;0.;0.;2023-02-27 07:27:10;2023-02-27 17:57:42
2023-02-28 12:00:00;-3.74;-10.45;760;76;-6.94;95;6.46;254;пасмурно;0.;0.;2023-02-28 07:24:41;2023-02-28 17:59:49
2023-03-01 12:00:00;-3.53;-10.14;758;68;-8.01;79;6.39;321;облачно с прояснениями;0.;0.;2023-03-01 07:22:11;2023-03-01 18:01:56
2023-03-02 12:00:00;-3.28;-9.23;758;71;-7.28;100;5.34;295;пасмурно;0.;0.;2023-03-02 07:19:41;2023-03-02 18:04:03
2023-03-03 12:00:00;0.92;-3.96;750;81;-1.74;97;5.35;269;небольшой снег;0.;0.21;2023-03-03 07:17:10;2023-03-03 18:06:09
2023-03-04 12:00:00;-0.67;-5.49;746;84;-2.76;100;4.57;197;пасмурно;0.;0.;2023-03-04 07:14:38;2023-03-04 18:08:15
2023-03-05 12:00:00;-0.61;-5.41;742;86;-2.42;100;4.56;282;небольшой снег;0.;0.11;2023-03-05 07:12:06;2023-03-05 18:10:20
2023-03-06 12:00:00;-1.64;-5.97;749;84;-3.72;100;3.58;228;небольшой снег;0.;0.15;2023-03-06 07:09:33;2023-03-06 18:12:25
2023-03-07 12:00:00;-2.18;-7.46;754;72;-6.05;43;4.72;216;переменная облачность;0.;0.;2023-03-07 07:06:59;2023-03-07 18:14:30
2023-03-08 12:00:00;-4.27;-10.91;754;86;-6.03;100;6.07;165;пасмурно;0.;0.;2023-03-08 07:04:25;2023-03-08 18:16:34
2023-03-09 12:00:00;-0.86;-6.68;749;68;-5.43;100;6.27;218;пасмурно;0.;0.;2023-03-09 07:01:50;2023-03-09 18:18:38
2023-03-10 12:00:00;-4.7;-10.22;755;73;-8.34;100;4.2;334;пасмурно;0.;0.;2023-03-10 06:59:15;2023-03-10 18:20:42
2023-03-11 12:00:00;-4.38;-11.38;758;77;-7.42;100;6.78;129;пасмурно;0.;0.;2023-03-11 06:56:39;2023-03-11 18:22:45
2023-03-12 12:00:00;5.56;1.31;739;95;4.82;100;6.78;170;дождь;1.43;0.;2023-03-12 06:54:03;2023-03-12 18:24:48
2023-03-13 12:00:00;-2.69;-8.42;758;77;-5.76;97;5.22;243;пасмурно;0.;0.;2023-03-13 06:51:27;2023-03-13 18:26:51
2023-03-14 12:00:00;3.39;-2.23;757;76;-0.38;100;8.95;210;пасмурно;0.;0.;2023-03-14 06:48:50;2023-03-14 18:28:54
2023-03-15 12:00:00;5.97;2.03;760;64;-0.28;89;6.26;189;пасмурно;0.;0.;2023-03-15 06:46:13;2023-03-15 18:30:56
2023-03-16 12:00:00;1.71;0.32;760;98;1.43;100;1.42;170;небольшой снег;0.;0.43;2023-03-16 06:43:35;2023-03-16 18:32:58
2023-03-17 12:00:00;2.46;-1.97;769;58;-4.39;9;5.25;15;ясно;0.;0.;2023-03-17 06:40:57;2023-03-17 18:35:00
2023-03-18 12:00:00;2.19;-0.43;778;48;-6.82;0;2.5;100;ясно;0.;0.;2023-03-18 06:38:20;2023-03-18 18:37:02
2023-03-19 12:00:00;1.24;-1.06;771;57;-5.62;34;2.04;156;переменная облачность;0.;0.;2023-03-19 06:35:41;2023-03-19 18:39:03
2023-03-20 12:00:00;3.91;1.59;765;52;-4.47;38;2.52;196;переменная облачность;0.;0.;2023-03-20 06:33:03;2023-03-20 18:41:05
2023-03-21 12:00:00;4.72;2.12;758;73;0.3;78;3.07;211;облачно с прояснениями;0.;0.;2023-03-21 06:30:25;2023-03-21 18:43:06
2023-03-22 12:00:00;4.18;1.73;762;75;0.15;100;2.74;267;пасмурно;0.;0.;2023-03-22 06:27:46;2023-03-22 18:45:07
2023-03-23 12:00:00;8.79;6.17;759;65;2.58;33;4.76;209;переменная облачность;0.;0.;2023-03-23 06:25:08;2023-03-23 18:47:08
2023-03-24 12:00:00;6.67;3.81;752;95;5.93;100;4.19;249;небольшой дождь;0.29;0.;2023-03-24 06:22:29;2023-03-24 18:49:08
2023-03-25 12:00:00;7.65;4.54;750;93;6.59;100;5.27;224;дождь;1.83;0.;2023-03-25 06:19:51;2023-03-25 18:51:09
2023-03-26 12:00:00;5.03;3.43;749;99;4.89;100;1.97;91;дождь;1.92;0.;2023-03-26 06:17:12;2023-03-26 18:53:10
2023-03-27 12:00:00;5.52;2.5;749;92;4.33;78;4;243;небольшой дождь;0.16;0.;2023-03-27 06:14:34;2023-03-27 18:55:10
2023-03-28 12:00:00;6.5;4.17;758;78;2.95;100;3.21;135;пасмурно;0.;0.;2023-03-28 06:11:56;2023-03-28 18:57:11
2023-03-29 12:00:00;7.42;3.6;754;82;4.55;100;7.07;118;небольшой дождь;0.57;0.;2023-03-29 06:09:18;2023-03-29 18:59:11
2023-03-30 12:00:00;4.82;2.41;758;84;2.35;95;2.84;247;пасмурно;0.;0.;2023-03-30 06:06:40;2023-03-30 19:01:11
2023-03-31 12:00:00;2.65;-0.99;755;78;-0.7;98;3.94;17;пасмурно;0.;0.;2023-03-31 06:04:02;2023-03-31 19:03:12
2023-04-01 12:00:00;4.97;2.79;754;82;2.16;100;2.59;217;пасмурно;0.;0.;2023-04-01 06:01:24;2023-04-01 19:05:12
2023-04-02 12:00:00;7.48;4.23;759;82;4.61;100;5.52;177;пасмурно;0.;0.;2023-04-02 05:58:47;2023-04-02 19:07:13
2023-04-03 12:00:00;11.1;10.04;761;68;5.42;82;2.39;120;облачно с прояснениями;0.;0.;2023-04-03 05:56:10;2023-04-03 19:09:13
2023-04-04 12:00:00;11.52;10.53;761;69;6.04;6;0.96;56;ясно;0.;0.;2023-04-04 05:53:33;2023-04-04 19:11:14
2023-04-05 12:00:00;9.95;7.9;765;64;3.46;99;4.08;42;пасмурно;0.;0.;2023-04-05 05:50:57;2023-04-05 19:13:14
2023-04-06 12:00:00;11.74;10.35;768;53;2.49;0;5.31;56;ясно;0.;0.;2023-04-06 05:48:21;2023-04-06 19:15:15
2023-04-07 12:00:00;9.82;7.6;770;42;-2.19;12;4.42;78;небольшая облачность;0.;0.;2023-04-07 05:45:45;2023-04-07 19:17:16
2023-04-08 12:00:00;10.98;9.28;771;44;-0.7;11;3.19;106;небольшая облачность;0.;0.;2023-04-08 05:43:10;2023-04-08 19:19:17
2023-04-09 12:00:00;13.02;11.63;770;48;2.28;37;2.42;158;переменная облачность;0.;0.;2023-04-09 05:40:36;2023-04-09 19:21:18
2023-04-10 12:00:00;13.55;12.03;770;41;0.56;58;1.24;202;облачно с прояснениями;0.;0.;2023-04-10 05:38:02;2023-04-10 19:23:19
2023-04-11 12:00:00;13.7;12.27;767;44;1.68;52;2.38;231;облачно с прояснениями;0.;0.;2023-04-11 05:35:28;2023-04-11 19:25:20
2023-04-12 12:00:00;16.51;15.03;764;31;-0.58;0;2.42;133;ясно;0.;0.;2023-04-12 05:32:55;2023-04-12 19:27:21
2023-04-13 12:00:00;17.11;15.63;761;29;-0.93;100;6.11;73;пасмурно;0.;0.;2023-04-13 05:30:23;2023-04-13 19:29:22
2023-04-14 12:00:00;6.13;1.87;767;37;-6.63;83;7.28;61;облачно с прояснениями;0.;0.;2023-04-14 05:27:51;2023-04-14 19:31:23
2023-04-15 12:00:00;6.04;2.79;774;25;-11.15;100;4.68;87;пасмурно;0.;0.;2023-04-15 05:25:20;2023-04-15 19:33:25
2023-04-16 12:00:00;10.99;8.75;774;23;-8.31;100;3.62;142;пасмурно;0.;0.;2023-04-16 05:22:50;2023-04-16 19:35:26
2023-04-17 12:00:00;12.94;11.13;772;32;-2.96;89;2.55;205;небольшой дождь;0.22;0.;2023-04-17 05:20:21;2023-04-17 19:37:28
2023-04-18 12:00:00;13.45;11.97;770;43;1.13;46;0.97;80;переменная облачность;0.;0.;2023-04-18 05:17:52;2023-04-18 19:39:30
2023-04-19 12:00:00;15.43;13.84;770;31;-1.41;88;4.46;76;пасмурно;0.;0.;2023-04-19 05:15:24;2023-04-19 19:41:31
2023-04-20 12:00:00;16.39;14.79;766;27;-2.33;20;2.88;42;небольшая облачность;0.;0.;2023-04-20 05:12:57;2023-04-20 19:43:33
2023-04-21 12:00:00;15.0;13.26;762;27;-3.39;0;3.43;30;ясно;0.;0.;2023-04-21 05:10:31;2023-04-21 19:45:35
2023-04-22 12:00:00;14.44;12.85;759;35;-0.72;98;3.31;23;пасмурно;0.;0.;2023-04-22 05:08:06;2023-04-22 19:47:37
2023-04-23 12:00:00;17.49;16.1;762;31;0.19;47;2.84;252;переменная облачность;0.;0.;2023-04-23 05:05:42;2023-04-23 19:49:39
2023-04-24 12:00:00;19.68;18.46;763;29;1.17;34;3.53;211;переменная облачность;0.;0.;2023-04-24 05:03:19;2023-04-24 19:51:41
2023-04-25 12:00:00;17.9;16.89;760;44;5.49;100;4.58;138;пасмурно;0.;0.;2023-04-25 05:00:57;2023-04-25 19:53:42
2023-04-26 12:00:00;12.12;11.71;752;89;10.36;100;3.3;304;небольшой дождь;0.16;0.;2023-04-26 04:58:36;2023-04-26 19:55:44
2023-04-27 12:00:00;19.15;18.4;758;49;8.19;38;2.81;222;переменная облачность;0.;0.;2023-04-27 04:56:16;2023-04-27 19:57:46
2023-04-28 12:00:00;14.17;13.78;759;82;11.15;97;3.35;164;небольшой дождь;0.62;0.;2023-04-28 04:53:57;2023-04-28 19:59:47
2023-04-29 12:00:00;7.35;4.45;763;75;3.22;99;4.61;338;пасмурно;0.;0.;2023-04-29 04:51:40;2023-04-29 20:01:49
2023-04-30 12:00:00;10.9;9.33;763;49;0.62;100;5.05;60;пасмурно;0.;0.;2023-04-30 04:49:24;2023-04-30 20:03:50
2023-05-01 12:00:00;9.75;7.78;758;72;4.95;100;3.82;308;пасмурно;0.;0.;2023-05-01 04:47:09;2023-05-01 20:05:51
2023-05-02 12:00:00;12.69;11.09;769;41;-0.19;16;1.96;280;небольшая облачность;0.;0.;2023-05-02 04:44:55;2023-05-02 20:07:52
2023-05-03 12:00:00;13.18;12.17;764;62;6.07;100;5.21;241;пасмурно;0.;0.;2023-05-03 04:42:43;2023-05-03 20:09:52
2023-05-04 12:00:00;12.62;10.98;768;40;-0.54;43;1.89;254;переменная облачность;0.;0.;2023-05-04 04:40:33;2023-05-04 20:11:53
2023-05-05 12:00:00;6.76;3.69;767;63;0.22;28;4.67;325;небольшой дождь;0.1;0.;2023-05-05 04:38:24;2023-05-05 20:13:52
2023-05-06 12:00:00;4.85;0.95;769;52;-3.69;95;5.42;324;небольшой дождь;0.12;0.;2023-05-06 04:36:16;2023-05-06 20:15:52
2023-05-07 12:00:00;6.92;4.36;772;40;-5.09;95;3.73;330;пасмурно;0.;0.;2023-05-07 04:34:10;2023-05-07 20:17:51
2023-05-08 12:00:00;9.46;8.24;775;43;-2.2;80;2.42;24;небольшой дождь;0.11;0.;2023-05-08 04:32:06;2023-05-08 20:19:49
2023-05-09 12:00:00;12.5;10.64;774;32;-3.31;99;1.29;34;пасмурно;0.;0.;2023-05-09 04:30:03;2023-05-09 20:21:47
2023-05-10 12:00:00;15.68;14.11;769;31;-1.22;91;1.7;8;пасмурно;0.;0.;2023-05-10 04:28:02;2023-05-10 20:23:44
2023-05-11 12:00:00;17.86;16.75;767;40;4.09;7;2.73;50;ясно;0.;0.;2023-05-11 04:26:03;2023-05-11 20:25:40
2023-05-12 12:00:00;20.54;19.59;766;36;4.97;96;2.43;305;пасмурно;0.;0.;2023-05-12 04:24:06;2023-05-12 20:27:36
2023-05-13 12:00:00;21.21;20.22;766;32;3.88;40;4.42;333;переменная облачность;0.;0.;2023-05-13 04:22:11;2023-05-13 20:29:31
2023-05-14 12:00:00;15.77;14.73;768;51;5.67;63;4.01;26;облачно с прояснениями;0.;0.;2023-05-14 04:20:18;2023-05-14 20:31:25
2023-05-15 12:00:00;18.04;16.97;768;41;4.6;11;2.56;87;небольшая облачность;0.;0.;2023-05-15 04:18:27;2023-05-15 20:33:18
2023-05-16 12:00:00;19.4;18.39;767;38;4.73;0;3.97;132;ясно;0.;0.;2023-05-16 04:16:38;2023-05-16 20:35:09
2023-05-17 12:00:00;21.87;21.03;767;35;5.74;0;3.9;179;ясно;0.;0.;2023-05-17 04:14:51;2023-05-17 20:37:00
2023-05-18 12:00:00;23.76;23.16;767;37;8.22;0;3.3;206;ясно;0.;0.;2023-05-18 04:13:07;2023-05-18 20:38:50
2023-05-19 12:00:00;13.12;12.47;769;76;8.99;99;3.84;359;пасмурно;0.;0.;2023-05-19 04:11:24;2023-05-19 20:40:38
2023-05-20 12:00:00;14.65;13.63;770;56;5.98;86;4.85;13;небольшой дождь;0.13;0.;2023-05-20 04:09:44;2023-05-20 20:42:25
2023-05-21 12:00:00;13.72;13.18;767;78;9.96;55;2.66;107;небольшой дождь;0.23;0.;2023-05-21 04:08:07;2023-05-21 20:44:10
2023-05-22 12:00:00;15.51;15.31;767;84;12.82;100;2.88;80;небольшой дождь;0.12;0.;2023-05-22 04:06:32;2023-05-22 20:45:54
2023-05-23 12:00:00;17.9;17.57;764;70;12.36;100;3.68;117;пасмурно;0.;0.;2023-05-23 04:05:00;2023-05-23 20:47:37
2023-05-24 12:00:00;19.85;19.74;761;71;14.44;51;1.33;127;облачно с прояснениями;0.;0.;2023-05-24 04:03:30;2023-05-24 20:49:17
2023-05-25 12:00:00;18.71;18.75;761;81;15.39;100;1.61;325;небольшой дождь;0.56;0.;2023-05-25 04:02:03;2023-05-25 20:50:56
2023-05-26 12:00:00;23.76;23.44;761;48;12.11;29;2.32;304;переменная облачность;0.;0.;2023-05-26 04:00:39;2023-05-26 20:52:33
2023-05-27 12:00:00;20.15;19.42;761;46;8.18;2;4.48;324;ясно;0.;0.;2023-05-27 03:59:18;2023-05-27 20:54:07
2023-05-28 12:00:00;13.98;13.18;762;67;7.96;73;4.89;326;небольшой дождь;0.12;0.;2023-05-28 03:57:59;2023-05-28 20:55:40
2023-05-29 12:00:00;19.49;18.41;765;35;3.64;2;2.68;247;ясно;0.;0.;2023-05-29 03:56:44;2023-05-29 20:57:11
2023-05-30 12:00:00;20.7;19.77;763;36;5.11;43;0.67;197;переменная облачность;0.;0.;2023-05-30 03:55:32;2023-05-30 20:58:39
2023-05-31 12:00:00;11.89;11.35;760;85;9.45;100;4.83;321;небольшой дождь;0.91;0.;2023-05-31 03:54:23;2023-05-31 21:00:05
2023-06-01 12:00:00;19.99;19.14;758;42;6.7;11;5.51;231;небольшая облачность;0.;0.;2023-06-01 03:53:17;2023-06-01 21:01:28
2023-06-02 12:00:00;19.84;19.21;757;51;9.42;18;3.04;144;небольшая облачность;0.;0.;2023-06-02 03:52:14;2023-06-02 21:02:49
2023-06-03 12:00:00;7.98;4.98;758;94;7.07;100;5.21;345;небольшой дождь;0.55;0.;2023-06-03 03:51:14;2023-06-03 21:04:07
2023-06-04 12:00:00;13.17;11.9;766;52;3.54;83;4.2;261;облачно с прояснениями;0.;0.;2023-06-04 03:50:18;2023-06-04 21:05:22
2023-06-05 12:00:00;15.47;14.59;765;58;7.25;42;4.07;253;переменная облачность;0.;0.;2023-06-05 03:49:26;2023-06-05 21:06:35
2023-06-06 12:00:00;18.22;17.32;765;47;6.73;84;3.55;281;облачно с прояснениями;0.;0.;2023-06-06 03:48:37;2023-06-06 21:07:44
2023-06-07 12:00:00;21.6;20.96;764;44;8.84;27;5.12;265;переменная облачность;0.;0.;2023-06-07 03:47:51;2023-06-07 21:08:51
2023-06-08 12:00:00;20.76;20.04;764;44;8.08;21;1.13;296;небольшая облачность;0.;0.;2023-06-08 03:47:10;2023-06-08 21:09:54
2023-06-09 12:00:00;23.57;22.97;761;38;8.44;32;4.83;283;переменная облачность;0.;0.;2023-06-09 03:46:31;2023-06-09 21:10:55
2023-06-10 12:00:00;15.46;14.26;768;46;3.91;34;4.47;23;переменная облачность;0.;0.;2023-06-10 03:45:57;2023-06-10 21:11:51
2023-06-11 12:00:00;15.37;14.01;772;40;1.86;2;4.65;50;ясно;0.;0.;2023-06-11 03:45:26;2023-06-11 21:12:45
2023-06-12 12:00:00;17.78;16.61;770;38;3.29;3;5.98;62;ясно;0.;0.;2023-06-12 03:44:59;2023-06-12 21:13:35
2023-06-13 12:00:00;19.63;18.59;768;36;4.16;0;5.01;82;ясно;0.;0.;2023-06-13 03:44:36;2023-06-13 21:14:21
2023-06-14 12:00:00;22.52;21.74;765;35;6.31;0;3.06;61;ясно;0.;0.;2023-06-14 03:44:17;2023-06-14 21:15:04
2023-06-15 12:00:00;24.58;24.01;764;35;8.12;15;3.53;71;небольшая облачность;0.;0.;2023-06-15 03:44:01;2023-06-15 21:15:44
2023-06-16 12:00:00;26.43;26.43;761;33;8.87;93;2.77;16;пасмурно;0.;0.;2023-06-16 03:43:50;2023-06-16 21:16:19
2023-06-17 12:00:00;25.93;25.52;761;36;9.73;99;3.37;61;пасмурно;0.;0.;2023-06-17 03:43:42;2023-06-17 21:16:51
2023-06-18 12:00:00;22.59;21.92;763;39;7.95;8;1.79;61;ясно;0.;0.;2023-06-18 03:43:39;2023-06-18 21:17:19
2023-06-19 12:00:00;20.35;19.33;764;34;3.99;0;2.43;41;ясно;0.;0.;2023-06-19 03:43:39;2023-06-19 21:17:43
2023-06-20 12:00:00;22.22;21.54;760;40;7.99;49;5.02;317;переменная облачность;0.;0.;2023-06-20 03:43:43;2023-06-20 21:18:04
2023-06-21 12:00:00;18.86;17.87;764;41;5.34;40;3.23;353;переменная облачность;0.;0.;2023-06-21 03:43:51;2023-06-21 21:18:20
2023-06-22 12:00:00;23.36;22.74;762;38;8.25;94;2.76;263;пасмурно;0.;0.;2023-06-22 03:44:03;2023-06-22 21:18:33
2023-06-23 12:00:00;18.44;18.4;758;79;14.73;93;1.74;194;пасмурно;0.;0.;2023-06-23 03:44:19;2023-06-23 21:18:41
2023-06-24 12:00:00;16.48;16.38;758;84;13.77;100;5.78;349;пасмурно;0.;0.;2023-06-24 03:44:38;2023-06-24 21:18:46
2023-06-25 12:00:00;21.87;21.26;762;44;9.08;11;1.81;162;небольшая облачность;0.;0.;2023-06-25 03:45:02;2023-06-25 21:18:46
2023-06-26 12:00:00;23.89;23.43;761;42;10.21;96;3.56;81;пасмурно;0.;0.;2023-06-26 03:45:29;2023-06-26 21:18:43
2023-06-27 12:00:00;22.54;21.97;758;43;9.35;100;4.78;104;пасмурно;0.;0.;2023-06-27 03:46:00;2023-06-27 21:18:36
2023-06-28 12:00:00;21.42;20.9;756;49;10.28;96;4.58;114;пасмурно;0.;0.;2023-06-28 03:46:34;2023-06-28 21:18:24
2023-06-29 12:00:00;20.4;20.11;752;62;12.88;35;3.8;179;переменная облачность;0.;0.;2023-06-29 03:47:12;2023-06-29 21:18:09
2023-06-30 12:00:00;17.42;17.28;749;79;13.74;100;2.89;84;дождь;1.5;0.;2023-06-30 03:47:54;2023-06-30 21:17:50
2023-07-01 12:00:00;21.94;21.76;748;60;13.83;47;4.53;302;переменная облачность;0.;0.;2023-07-01 03:48:39;2023-07-01 21:17:27
2023-07-02 12:00:00;21.87;21.6;750;57;12.98;99;4.84;276;пасмурно;0.;0.;2023-07-02 03:49:28;2023-07-02 21:17:00
2023-07-03 12:00:00;22.52;22.05;754;47;10.66;36;6.16;258;переменная облачность;0.;0.;2023-07-03 03:50:20;2023-07-03 21:16:29
2023-07-04 12:00:00;24.06;23.49;761;37;8.48;88;4.53;251;пасмурно;0.;0.;2023-07-04 03:51:16;2023-07-04 21:15:55
2023-07-05 12:00:00;25.46;25.39;763;51;14.59;96;4.47;230;пасмурно;0.;0.;2023-07-05 03:52:14;2023-07-05 21:15:17
2023-07-06 12:00:00;27.05;27.4;765;49;15.43;79;2.9;178;облачно с прояснениями;0.;0.;2023-07-06 03:53:16;2023-07-06 21:14:35
2023-07-07 12:00:00;25.58;26.05;761;71;19.93;99;3.52;211;сильный дождь;5.75;0.;2023-07-07 03:54:21;2023-07-07 21:13:49
2023-07-08 12:00:00;20.12;20.22;761;78;16.17;85;2.66;338;небольшой дождь;0.25;0.;2023-07-08 03:55:28;2023-07-08 21:13:00
2023-07-09 12:00:00;23.43;23.03;758;46;11.16;100;3.22;4;пасмурно;0.;0.;2023-07-09 03:56:39;2023-07-09 21:12:07
2023-07-10 12:00:00;18.34;17.93;757;65;11.65;100;6.45;353;пасмурно;0.;0.;2023-07-10 03:57:52;2023-07-10 21:11:11
2023-07-11 12:00:00;14.38;13.91;757;78;10.6;92;5.36;357;пасмурно;0.;0.;2023-07-11 03:59:08;2023-07-11 21:10:11
2023-07-12 12:00:00;14.94;14.08;755;61;7.49;97;4.8;311;пасмурно;0.;0.;2023-07-12 04:00:27;2023-07-12 21:09:08
2023-07-13 12:00:00;15.7;15.26;755;74;11.08;100;4.8;247;пасмурно;0.;0.;2023-07-13 04:01:48;2023-07-13 21:08:02
2023-07-14 12:00:00;15.75;15.55;756;83;12.87;100;3.13;317;пасмурно;0.;0.;2023-07-14 04:03:11;2023-07-14 21:06:52
2023-07-15 12:00:00;16.27;16.28;758;89;14.46;100;3.75;331;небольшой дождь;0.91;0.;2023-07-15 04:04:37;2023-07-15 21:05:40
2023-07-16 12:00:00;21.13;21.1;761;69;15.22;54;3.64;336;облачно с прояснениями;0.;0.;2023-07-16 04:06:05;2023-07-16 21:04:24
2023-07-17 12:00:00;25.26;25.09;761;48;13.47;16;2.51;317;небольшая облачность;0.;0.;2023-07-17 04:07:35;2023-07-17 21:03:05
2023-07-18 12:00:00;26.09;26.09;755;64;18.75;47;3.43;188;переменная облачность;0.;0.;2023-07-18 04:09:07;2023-07-18 21:01:44
2023-07-19 12:00:00;15.37;15.26;750;88;13.39;96;6.85;287;небольшой дождь;0.32;0.;2023-07-19 04:10:42;2023-07-19 21:00:19
2023-07-20 12:00:00;20.27;19.87;752;58;11.75;34;6.47;269;переменная облачность;0.;0.;2023-07-20 04:12:17;2023-07-20 20:58:52
2023-07-21 12:00:00;20.01;19.45;755;53;10.15;49;3.86;269;переменная облачность;0.;0.;2023-07-21 04:13:55;2023-07-21 20:57:21
2023-07-22 12:00:00;21.16;20.69;758;52;10.93;34;5.08;261;переменная облачность;0.;0.;2023-07-22 04:15:34;2023-07-22 20:55:49
2023-07-23 12:00:00;20.34;20.23;757;69;14.47;95;4.03;225;пасмурно;0.;0.;2023-07-23 04:17:15;2023-07-23 20:54:13
2023-07-24 12:00:00;17.39;17.14;757;75;12.92;100;3.34;214;небольшой дождь;0.38;0.;2023-07-24 04:18:57;2023-07-24 20:52:35
2023-07-25 12:00:00;21.65;21.75;754;72;16.39;72;3.11;242;облачно с прояснениями;0.;0.;2023-07-25 04:20:41;2023-07-25 20:50:55
2023-07-26 12:00:00;22.15;22.64;749;85;19.51;100;3.97;166;небольшой дождь;0.89;0.;2023-07-26 04:22:26;2023-07-26 20:49:12
2023-07-27 12:00:00;22.89;23.09;755;71;17.36;98;1.38;141;пасмурно;0.;0.;2023-07-27 04:24:12;2023-07-27 20:47:27
2023-07-28 12:00:00;22.1;22.56;751;84;19.27;100;3.19;208;небольшой дождь;0.29;0.;2023-07-28 04:25:59;2023-07-28 20:45:40
2023-07-29 12:00:00;14.96;14.97;754;94;14.0;100;3.93;334;небольшой дождь;0.98;0.;2023-07-29 04:27:48;2023-07-29 20:43:50
2023-07-30 12:00:00;21.11;20.92;755;63;13.8;99;4.04;330;пасмурно;0.;0.;2023-07-30 04:29:37;2023-07-30 20:41:58
2023-07-31 12:00:00;24.56;24.35;757;49;13.15;17;2.96;282;небольшая облачность;0.;0.;2023-07-31 04:31:27;2023-07-31 20:40:05
2023-08-01 12:00:00;25.71;25.69;758;52;15.12;69;2.27;162;облачно с прояснениями;0.;0.;2023-08-01 04:33:18;2023-08-01 20:38:09
2023-08-02 12:00:00;25.05;25.28;758;64;17.77;71;2.18;133;облачно с прояснениями;0.;0.;2023-08-02 04:35:10;2023-08-02 20:36:11
2023-08-03 12:00:00;27.33;28.43;757;59;18.62;9;3.37;160;ясно;0.;0.;2023-08-03 04:37:03;2023-08-03 20:34:12
2023-08-04 12:00:00;27.23;28.22;758;58;18.25;44;4.75;221;переменная облачность;0.;0.;2023-08-04 04:38:56;2023-08-04 20:32:10
2023-08-05 12:00:00;27.75;28.09;764;49;16.07;19;2.65;242;небольшая облачность;0.;0.;2023-08-05 04:40:50;2023-08-05 20:30:07
2023-08-06 12:00:00;30.38;31.98;764;52;19.42;0;3.98;149;ясно;0.;0.;2023-08-06 04:42:44;2023-08-06 20:28:02
2023-08-07 12:00:00;28.8;29.4;760;50;17.35;0;6.51;108;ясно;0.;0.;2023-08-07 04:44:39;2023-08-07 20:25:56
2023-08-08 12:00:00;24.11;24.35;757;68;17.84;80;3.02;145;небольшой дождь;0.31;0.;2023-08-08 04:46:34;2023-08-08 20:23:47
2023-08-09 12:00:00;23.19;23.5;759;74;18.3;89;2.47;309;небольшой дождь;0.48;0.;2023-08-09 04:48:30;2023-08-09 20:21:38
2023-08-10 12:00:00;22.85;22.73;767;59;14.42;23;3.03;340;небольшая облачность;0.;0.;2023-08-10 04:50:26;2023-08-10 20:19:26
2023-08-11 12:00:00;22.28;22.6;767;78;18.26;95;4.38;97;небольшой дождь;0.27;0.;2023-08-11 04:52:22;2023-08-11 20:17:14
2023-08-12 12:00:00;22.49;22.7;762;73;17.41;99;5.92;115;небольшой дождь;0.17;0.;2023-08-12 04:54:18;2023-08-12 20:15:00
2023-08-13 12:00:00;20.6;20.75;761;78;16.63;99;5;157;пасмурно;0.;0.;2023-08-13 04:56:15;2023-08-13 20:12:44
2023-08-14 12:00:00;20.38;20.59;762;81;17.01;99;4.14;263;небольшой дождь;0.95;0.;2023-08-14 04:58:12;2023-08-14 20:10:27
2023-08-15 12:00:00;24.62;24.68;766;59;16.08;37;3.79;309;переменная облачность;0.;0.;2023-08-15 05:00:09;2023-08-15 20:08:09
2023-08-16 12:00:00;24.96;24.92;768;54;15.02;22;3.5;345;небольшая облачность;0.;0.;2023-08-16 05:02:06;2023-08-16 20:05:50
2023-08-17 12:00:00;26.04;26.04;768;53;15.72;1;1.39;26;ясно;0.;0.;2023-08-17 05:04:03;2023-08-17 20:03:29
2023-08-18 12:00:00;28.27;29.62;768;58;19.22;2;0.23;314;ясно;0.;0.;2023-08-18 05:06:00;2023-08-18 20:01:08
2023-08-19 12:00:00;25.08;25.31;769;64;17.8;42;1.65;53;переменная облачность;0.;0.;2023-08-19 05:07:58;2023-08-19 19:58:45
2023-08-20 12:00:00;24.13;24.56;764;75;19.42;83;2.64;266;облачно с прояснениями;0.;0.;2023-08-20 05:09:55;2023-08-20 19:56:21
2023-08-21 12:00:00;18.59;18.15;763;63;11.42;99;3.31;38;пасмурно;0.;0.;2023-08-21 05:11:52;2023-08-21 19:53:56
2023-08-22 12:00:00;20.09;19.62;758;56;11.05;80;1.63;211;облачно с прояснениями;0.;0.;2023-08-22 05:13:49;2023-08-22 19:51:30
2023-08-23 12:00:00;17.84;17.74;757;79;14.15;100;3.94;289;дождь;2.83;0.;2023-08-23 05:15:46;2023-08-23 19:49:03
2023-08-24 12:00:00;14.71;14.46;760;85;12.22;82;0.89;51;небольшой дождь;0.71;0.;2023-08-24 05:17:43;2023-08-24 19:46:36
2023-08-25 12:00:00;17.85;17.05;762;52;7.87;67;0.9;320;облачно с прояснениями;0.;0.;2023-08-25 05:19:40;2023-08-25 19:44:07
2023-08-26 12:00:00;18.42;17.94;762;62;11.02;96;3.67;215;пасмурно;0.;0.;2023-08-26 05:21:37;2023-08-26 19:41:38
2023-08-27 12:00:00;18.34;18.21;758;76;14.04;100;2.05;297;пасмурно;0.;0.;2023-08-27 05:23:34;2023-08-27 19:39:07
2023-08-28 12:00:00;19.66;19.12;759;55;10.38;32;2.42;43;переменная облачность;0.;0.;2023-08-28 05:25:31;2023-08-28 19:36:36
2023-08-29 12:00:00;15.22;14.7;761;73;10.42;100;3.36;151;пасмурно;0.;0.;2023-08-29 05:27:27;2023-08-29 19:34:05
2023-08-30 12:00:00;17.45;17.24;761;76;13.18;100;1.29;92;пасмурно;0.;0.;2023-08-30 05:29:24;2023-08-30 19:31:32
2023-08-31 12:00:00;22.56;22.41;762;59;14.15;1;4.07;144;ясно;0.;0.;2023-08-31 05:31:20;2023-08-31 19:28:59
2023-09-01 12:00:00;25.23;25.19;761;53;14.98;0;3.31;149;ясно;0.;0.;2023-09-01 05:33:16;2023-09-01 19:26:25
2023-09-02 12:00:00;18.71;18.78;762;82;15.58;94;1.05;138;пасмурно;0.;0.;2023-09-02 05:35:12;2023-09-02 19:23:51
2023-09-03 12:00:00;20.31;20.04;765;63;13.04;17;1.95;320;небольшая облачность;0.;0.;2023-09-03 05:37:08;2023-09-03 19:21:16
2023-09-04 12:00:00;20.89;20.65;767;62;13.35;98;2.68;310;пасмурно;0.;0.;2023-09-04 05:39:04;2023-09-04 19:18:41
2023-09-05 12:00:00;20.7;20.34;768;58;12.15;22;1.9;294;небольшая облачность;0.;0.;2023-09-05 05:41:00;2023-09-05 19:16:05
2023-09-06 12:00:00;19.8;19.48;761;63;12.56;100;6.28;278;небольшой дождь;0.1;0.;2023-09-06 05:42:55;2023-09-06 19:13:29
2023-09-07 12:00:00;14.94;13.95;767;56;6.25;98;6.27;333;пасмурно;0.;0.;2023-09-07 05:44:51;2023-09-07 19:10:52
2023-09-08 12:00:00;13.46;12.79;761;74;8.92;80;7.37;320;небольшой дождь;0.26;0.;2023-09-08 05:46:46;2023-09-08 19:08:14
2023-09-09 12:00:00;13.67;12.84;767;67;7.66;96;4.59;360;пасмурно;0.;0.;2023-09-09 05:48:41;2023-09-09 19:05:37
2023-09-10 12:00:00;14.8;14.32;767;76;10.62;100;2.5;0;пасмурно;0.;0.;2023-09-10 05:50:37;2023-09-10 19:02:59
2023-09-11 12:00:00;17.5;17.08;764;68;11.54;86;0.51;19;пасмурно;0.;0.;2023-09-11 05:52:32;2023-09-11 19:00:21
2023-09-12 12:00:00;16.75;16.23;766;67;10.6;70;1.76;127;облачно с прояснениями;0.;0.;2023-09-12 05:54:27;2023-09-12 18:57:42
2023-09-13 12:00:00;18.76;18.13;767;55;9.54;1;1.98;154;ясно;0.;0.;2023-09-13 05:56:22;2023-09-13 18:55:03
2023-09-14 12:00:00;19.33;18.86;765;59;11.12;2;2.99;150;ясно;0.;0.;2023-09-14 05:58:17;2023-09-14 18:52:24
2023-09-15 12:00:00;18.97;18.41;766;57;10.27;98;2.31;181;пасмурно;0.;0.;2023-09-15 06:00:13;2023-09-15 18:49:45
2023-09-16 12:00:00;13.37;12.67;771;73;8.64;100;3.47;1;пасмурно;0.;0.;2023-09-16 06:02:08;2023-09-16 18:47:06
2023-09-17 12:00:00;15.63;14.89;771;63;8.62;79;2.23;197;облачно с прояснениями;0.;0.;2023-09-17 06:04:03;2023-09-17 18:44:26
2023-09-18 12:00:00;16.21;15.84;766;75;11.78;69;3.82;292;облачно с прояснениями;0.;0.;2023-09-18 06:05:58;2023-09-18 18:41:47
2023-09-19 12:00:00;17.31;16.95;765;71;12.01;67;3.46;152;облачно с прояснениями;0.;0.;2023-09-19 06:07:53;2023-09-19 18:39:07
2023-09-20 12:00:00;22.17;21.77;762;51;11.57;62;5.64;204;облачно с прояснениями;0.;0.;2023-09-20 06:09:49;2023-09-20 18:36:27
2023-09-21 12:00:00;18.89;18.79;764;75;14.37;88;2.18;207;пасмурно;0.;0.;2023-09-21 06:11:44;2023-09-21 18:33:48
2023-09-22 12:00:00;23.34;23.14;769;54;13.52;0;3.08;192;ясно;0.;0.;2023-09-22 06:13:40;2023-09-22 18:31:08
2023-09-23 12:00:00;23.79;23.35;769;43;10.47;0;4.71;168;ясно;0.;0.;2023-09-23 06:15:35;2023-09-23 18:28:28
2023-09-24 12:00:00;22.67;22.17;767;45;10.14;49;5.14;180;переменная облачность;0.;0.;2023-09-24 06:17:31;2023-09-24 18:25:49
2023-09-25 12:00:00;16.26;15.9;772;75;11.83;24;3.24;333;небольшая облачность;0.;0.;2023-09-25 06:19:27;2023-09-25 18:23:09
2023-09-26 12:00:00;16.12;15.43;776;63;9.08;99;0.42;280;пасмурно;0.;0.;2023-09-26 06:21:23;2023-09-26 18:20:30
2023-09-27 12:00:00;18.33;17.71;773;57;9.67;17;2.41;267;небольшая облачность;0.;0.;2023-09-27 06:23:20;2023-09-27 18:17:51
2023-09-28 12:00:00;19.9;19.38;770;55;10.6;0;4.48;227;ясно;0.;0.;2023-09-28 06:25:16;2023-09-28 18:15:12
2023-09-29 12:00:00;21.02;20.87;767;65;14.19;53;2.14;247;облачно с прояснениями;0.;0.;2023-09-29 06:27:13;2023-09-29 18:12:34
2023-09-30 12:00:00;21.32;21.0;764;57;12.46;99;4.32;229;пасмурно;0.;0.;2023-09-30 06:29:10;2023-09-30 18:09:55
2023-10-01 12:00:00;14.52;14.25;759;85;12.03;92;3.64;266;пасмурно;0.;0.;2023-10-01 06:31:07;2023-10-01 18:07:17
2023-10-02 12:00:00;11.53;10.96;761;85;9.1;98;3.71;283;пасмурно;0.;0.;2023-10-02 06:33:05;2023-10-02 18:04:40
2023-10-03 12:00:00;13.79;12.87;764;63;6.88;85;3.76;241;пасмурно;0.;0.;2023-10-03 06:35:03;2023-10-03 18:02:02
2023-10-04 12:00:00;17.51;16.88;755;60;9.67;100;8.93;210;пасмурно;0.;0.;2023-10-04 06:37:01;2023-10-04 17:59:26
2023-10-05 12:00:00;12.82;12.06;759;73;8.11;89;5.32;249;пасмурно;0.;0.;2023-10-05 06:38:59;2023-10-05 17:56:49
2023-10-06 12:00:00;11.07;10.43;750;84;8.47;99;4.69;190;небольшой дождь;0.16;0.;2023-10-06 06:40:58;2023-10-06 17:54:13
2023-10-07 12:00:00;2.71;-2.55;747;94;1.84;100;7.3;177;дождь;1.89;0.;2023-10-07 06:42:57;2023-10-07 17:51:38
2023-10-08 12:00:00;4.02;-1.47;738;79;0.71;99;9.16;260;небольшой дождь;0.68;0.;2023-10-08 06:44:57;2023-10-08 17:49:03
2023-10-09 12:00:00;3.43;-1.63;749;88;1.63;99;7.34;314;небольшой дождь;0.1;0.;2023-10-09 06:46:56;2023-10-09 17:46:28
2023-10-10 12:00:00;2.15;-1.93;758;90;0.68;97;4.47;321;небольшой дождь;0.2;0.;2023-10-10 06:48:57;2023-10-10 17:43:55
2023-10-11 12:00:00;6.1;2.76;767;68;0.64;89;4.89;228;пасмурно;0.;0.;2023-10-11 06:50:57;2023-10-11 17:41:22
2023-10-12 12:00:00;10.0;6.43;749;80;6.71;100;9;220;небольшой дождь;0.4;0.;2023-10-12 06:52:58;2023-10-12 17:38:49
2023-10-13 12:00:00;10.82;9.63;757;64;4.29;46;7.42;276;переменная облачность;0.;0.;2023-10-13 06:55:00;2023-10-13 17:36:17
2023-10-14 12:00:00;8.51;4.91;756;87;6.47;100;7.37;210;дождь;1.2;0.;2023-10-14 06:57:01;2023-10-14 17:33:47
2023-10-15 12:00:00;11.18;10.7;752;90;9.6;100;3.67;263;небольшой дождь;0.34;0.;2023-10-15 06:59:04;2023-10-15 17:31:16
2023-10-16 12:00:00;6.8;5.85;752;89;5.12;100;1.63;247;небольшой дождь;0.6;0.;2023-10-16 07:01:06;2023-10-16 17:28:47
2023-10-17 12:00:00;3.9;-1.07;752;78;0.42;80;7.45;292;небольшой дождь;0.12;0.;2023-10-17 07:03:09;2023-10-17 17:26:19
2023-10-18 12:00:00;5.22;1.93;756;76;1.34;99;4.36;264;небольшой дождь;0.11;0.;2023-10-18 07:05:12;2023-10-18 17:23:51
2023-10-19 12:00:00;4.98;3.87;755;93;3.94;100;1.54;166;небольшой дождь;0.15;0.;2023-10-19 07:07:16;2023-10-19 17:21:24
2023-10-20 12:00:00;4.34;1.95;759;96;3.76;100;2.7;104;пасмурно;0.;0.;2023-10-20 07:09:20;2023-10-20 17:18:59
2023-10-21 12:00:00;3.01;-0.7;765;85;0.74;100;4.19;54;пасмурно;0.;0.;2023-10-21 07:11:25;2023-10-21 17:16:34
2023-10-22 12:00:00;1.74;-1.94;767;90;0.28;100;3.7;162;пасмурно;0.;0.;2023-10-22 07:13:30;2023-10-22 17:14:10
2023-10-23 12:00:00;4.77;4.77;752;100;4.77;100;1.2;107;небольшой дождь;0.15;0.;2023-10-23 07:15:35;2023-10-23 17:11:48
2023-10-24 12:00:00;1.53;-1.79;758;89;-0.07;100;3.16;6;пасмурно;0.;0.;2023-10-24 07:17:40;2023-10-24 17:09:26
2023-10-25 12:00:00;-0.72;-2.44;765;69;-5.13;100;1.42;45;пасмурно;0.;0.;2023-10-25 07:19:46;2023-10-25 17:07:06
2023-10-26 12:00:00;-0.66;-6.19;764;65;-5.77;100;5.8;118;пасмурно;0.;0.;2023-10-26 07:21:53;2023-10-26 17:04:47
2023-10-27 12:00:00;-1.07;-6.53;755;91;-2.2;100;5.47;115;небольшой снег;0.;0.2;2023-10-27 07:23:59;2023-10-27 17:02:30
2023-10-28 12:00:00;-0.67;-5.11;748;97;-1.04;100;4;79;пасмурно;0.;0.;2023-10-28 07:26:06;2023-10-28 17:00:13
2023-10-29 12:00:00;0.26;-4.2;755;95;-0.39;100;4.36;301;пасмурно;0.;0.;2023-10-29 07:28:13;2023-10-29 16:57:58
2023-10-30 12:00:00;-0.44;-5.97;758;98;-0.68;100;5.93;150;снег;0.;3.03;2023-10-30 07:30:20;2023-10-30 16:55:44
2023-10-31 12:00:00;8.79;8.79;761;87;6.75;100;1.06;247;пасмурно;0.;0.;2023-10-31 07:32:27;2023-10-31 16:53:32
2023-11-01 12:00:00;14.16;13.75;755;81;10.95;98;6.18;205;пасмурно;0.;0.;2023-11-01 07:34:35;2023-11-01 16:51:22
2023-11-02 12:00:00;7.16;3.29;752;96;6.57;100;7;346;небольшой дождь;1.0;0.;2023-11-02 07:36:42;2023-11-02 16:49:12
2023-11-03 12:00:00;3.25;3.25;763;79;-0.03;79;0.82;290;облачно с прояснениями;0.;0.;2023-11-03 07:38:50;2023-11-03 16:47:05
2023-11-04 12:00:00;2.41;-2.16;762;90;0.94;85;5.51;148;пасмурно;0.;0.;2023-11-04 07:40:58;2023-11-04 16:44:59
2023-11-05 12:00:00;11.15;10.46;752;82;8.2;100;8.88;161;пасмурно;0.;0.;2023-11-05 07:43:05;2023-11-05 16:42:55
2023-11-06 12:00:00;9.33;6.77;748;92;8.1;100;4.95;153;небольшой дождь;0.12;0.;2023-11-06 07:45:13;2023-11-06 16:40:52
2023-11-07 12:00:00;9.59;6.86;752;88;7.7;97;5.59;259;небольшой дождь;0.2;0.;2023-11-07 07:47:20;2023-11-07 16:38:52
2023-11-08 12:00:00;8.16;5.36;758;88;6.29;100;4.84;256;пасмурно;0.;0.;2023-11-08 07:49:28;2023-11-08 16:36:53
2023-11-09 12:00:00;6.68;5.96;757;94;5.78;86;1.42;340;пасмурно;0.;0.;2023-11-09 07:51:35;2023-11-09 16:34:56
2023-11-10 12:00:00;6.46;4.04;764;88;4.62;78;3.33;262;облачно с прояснениями;0.;0.;2023-11-10 07:53:41;2023-11-10 16:33:01
2023-11-11 12:00:00;5.72;2.51;763;88;3.89;100;4.43;196;пасмурно;0.;0.;2023-11-11 07:55:48;2023-11-11 16:31:08
2023-11-12 12:00:00;3.53;-1.42;752;94;2.66;100;7.12;109;дождь;1.22;0.;2023-11-12 07:57:54;2023-11-12 16:29:18
2023-11-13 12:00:00;2.67;-2.45;746;93;1.65;100;6.92;236;небольшой дождь;0.19;0.;2023-11-13 07:59:59;2023-11-13 16:27:29
2023-11-14 12:00:00;3.69;-0.77;751;92;2.51;100;6;237;небольшой дождь;0.2;0.;2023-11-14 08:02:04;2023-11-14 16:25:43
2023-11-15 12:00:00;1.92;1.92;752;97;1.5;87;0.92;245;пасмурно;0.;0.;2023-11-15 08:04:08;2023-11-15 16:23:59
2023-11-16 12:00:00;0.51;-1.77;758;89;-0.96;100;1.93;6;пасмурно;0.;0.;2023-11-16 08:06:11;2023-11-16 16:22:17
2023-11-17 12:00:00;-3.0;-7.54;766;77;-6.07;98;3.47;36;пасмурно;0.;0.;2023-11-17 08:08:14;2023-11-17 16:20:38
2023-11-18 12:00:00;-5.42;-5.42;771;77;-8.43;100;0.96;59;пасмурно;0.;0.;2023-11-18 08:10:16;2023-11-18 16:19:02
2023-11-19 12:00:00;-6.38;-9.81;769;80;-8.94;78;1.95;202;облачно с прояснениями;0.;0.;2023-11-19 08:12:17;2023-11-19 16:17:27
2023-11-20 12:00:00;-6.41;-11.67;764;86;-8.14;100;3.46;68;пасмурно;0.;0.;2023-11-20 08:14:16;2023-11-20 16:15:56
2023-11-21 12:00:00;-7.55;-13.96;760;75;-10.81;100;4.48;353;пасмурно;0.;0.;2023-11-21 08:16:15;2023-11-21 16:14:27
2023-11-22 12:00:00;-8.49;-15.26;764;78;-11.29;100;4.64;335;пасмурно;0.;0.;2023-11-22 08:18:12;2023-11-22 16:13:01
2023-11-23 12:00:00;-7.63;-14.63;755;75;-10.89;100;5.4;220;пасмурно;0.;0.;2023-11-23 08:20:08;2023-11-23 16:11:38
2023-11-24 12:00:00;-7.06;-12.58;731;92;-8.02;100;3.59;89;небольшой снег;0.;0.33;2023-11-24 08:22:02;2023-11-24 16:10:18
2023-11-25 12:00:00;-7.09;-11.25;745;88;-8.55;98;2.37;342;пасмурно;0.;0.;2023-11-25 08:23:55;2023-11-25 16:09:01
2023-11-26 12:00:00;-4.57;-8.68;754;92;-5.54;100;2.71;58;пасмурно;0.;0.;2023-11-26 08:25:46;2023-11-26 16:07:47
2023-11-27 12:00:00;1.07;-4.31;739;100;1.07;100;6.47;109;небольшой снег;0.;0.16;2023-11-27 08:27:35;2023-11-27 16:06:36
2023-11-28 12:00:00;-3.84;-9.93;751;84;-5.88;92;5.33;198;пасмурно;0.;0.;2023-11-28 08:29:23;2023-11-28 16:05:28
2023-11-29 12:00:00;-5.88;-12.18;761;82;-8.17;100;4.87;106;пасмурно;0.;0.;2023-11-29 08:31:08;2023-11-29 16:04:24
2023-11-30 12:00:00;-1.15;-6.42;753;90;-2.41;100;5.11;173;небольшой снег;0.;0.13;2023-11-30 08:32:51;2023-11-30 16:03:23
2023-12-01 12:00:00;-3.43;-8.59;756;88;-4.93;100;4.12;181;пасмурно;0.;0.;2023-12-01 08:34:32;2023-12-01 16:02:26
2023-12-02 12:00:00;-4.44;-7.68;757;91;-5.54;93;2.04;264;пасмурно;0.;0.;2023-12-02 08:36:11;2023-12-02 16:01:32
2023-12-03 12:00:00;-6.47;-13.08;759;90;-7.68;100;5.1;98;снег;0.;0.67;2023-12-03 08:37:47;2023-12-03 16:00:41
2023-12-04 12:00:00;-6.89;-13.48;759;89;-8.23;97;4.92;287;пасмурно;0.;0.;2023-12-04 08:39:21;2023-12-04 15:59:54
2023-12-05 12:00:00;-9.77;-14.89;766;92;-10.71;100;2.72;290;пасмурно;0.;0.;2023-12-05 08:40:52;2023-12-05 15:59:11
2023-12-06 12:00:00;-11.74;-11.74;774;89;-13.03;94;1.19;95;пасмурно;0.;0.;2023-12-06 08:42:20;2023-12-06 15:58:32
2023-12-07 12:00:00;-10.33;-15.91;780;88;-11.76;100;3.;107;пасмурно;0.;0.;2023-12-07 08:43:45;2023-12-07 15:57:57
2023-12-08 12:00:00;-13.12;-20.12;780;84;-15.02;100;4.6;119;пасмурно;0.;0.;2023-12-08 08:45:08;2023-12-08 15:57:25
2023-12-09 12:00:00;-14.36;-21.36;776;85;-16.12;100;4.83;108;небольшой снег;0.;0.22;2023-12-09 08:46:27;2023-12-09 15:56:58
2023-12-10 12:00:00;-12.06;-19.06;773;86;-13.72;100;5.36;122;небольшой снег;0.;0.13;2023-12-10 08:47:43;2023-12-10 15:56:34
2023-12-11 12:00:00;-7.28;-14.28;769;88;-8.74;100;5.76;141;пасмурно;0.;0.;2023-12-11 08:48:55;2023-12-11 15:56:14
2023-12-12 12:00:00;-6.2;-13.2;765;88;-7.67;100;6.22;146;небольшой снег;0.;0.19;2023-12-12 08:50:05;2023-12-12 15:55:59
2023-12-13 12:00:00;-11.65;-18.65;767;83;-13.71;100;6.02;148;небольшой снег;0.;0.17;2023-12-13 08:51:11;2023-12-13 15:55:48
2023-12-14 12:00:00;-11.01;-18.01;769;82;-13.21;100;4.76;142;пасмурно;0.;0.;2023-12-14 08:52:13;2023-12-14 15:55:40
2023-12-15 12:00:00;-8.06;-13.55;758;92;-9.01;100;3.34;106;небольшой снег;0.;0.28;2023-12-15 08:53:11;2023-12-15 15:55:37
2023-12-16 12:00:00;-6.04;-12.02;766;91;-7.13;100;4.39;272;пасмурно;0.;0.;2023-12-16 08:54:06;2023-12-16 15:55:39
2023-12-17 12:00:00;-2.51;-9.22;755;95;-3.12;100;7.17;219;снег;0.;0.82;2023-12-17 08:54:57;2023-12-17 15:55:44
2023-12-18 12:00:00;0.35;-4.02;757;90;-0.97;88;4.25;264;пасмурно;0.;0.;2023-12-18 08:55:45;2023-12-18 15:55:54
2023-12-19 12:00:00;1.44;-3.49;755;95;0.73;100;5.73;213;пасмурно;0.;0.;2023-12-19 08:56:28;2023-12-19 15:56:08
2023-12-20 12:00:00;3.2;-1.16;749;93;2.18;100;5.49;232;пасмурно;0.;0.;2023-12-20 08:57:07;2023-12-20 15:56:26
2023-12-21 12:00:00;1.24;-3.21;747;96;0.67;100;4.72;227;пасмурно;0.;0.;2023-12-21 08:57:43;2023-12-21 15:56:48
2023-12-22 12:00:00;0.09;-5.32;744;90;-1.19;100;5.97;161;пасмурно;0.;0.;2023-12-22 08:58:14;2023-12-22 15:57:14
2023-12-23 12:00:00;2.04;-2.13;739;93;1.03;98;4.58;180;пасмурно;0.;0.;2023-12-23 08:58:41;2023-12-23 15:57:45
2023-12-24 12:00:00;-1.03;-5.61;740;94;-1.77;100;4.09;228;пасмурно;0.;0.;2023-12-24 08:59:04;2023-12-24 15:58:20
2023-12-25 12:00:00;-1.29;-5.64;745;89;-2.68;86;3.69;211;пасмурно;0.;0.;2023-12-25 08:59:23;2023-12-25 15:58:59
2023-12-26 12:00:00;0.42;-4.08;741;95;-0.25;98;4.47;284;пасмурно;0.;0.;2023-12-26 08:59:38;2023-12-26 15:59:42
2023-12-27 12:00:00;-2.55;-2.55;749;95;-3.16;100;0.93;343;пасмурно;0.;0.;2023-12-27 08:59:48;2023-12-27 16:00:28
2023-12-28 12:00:00;-2.0;-6.94;760;90;-3.25;95;4.27;300;пасмурно;0.;0.;2023-12-28 08:59:55;2023-12-28 16:01:19
2023-12-29 12:00:00;-3.18;-7.08;752;95;-3.79;100;2.76;210;небольшой снег;0.;0.17;2023-12-29 08:59:57;2023-12-29 16:02:14
2023-12-30 12:00:00;2.37;-2.27;751;93;1.36;100;5.63;274;пасмурно;0.;0.;2023-12-30 08:59:55;2023-12-30 16:03:13
2023-12-31 12:00:00;1.09;-3.62;749;96;0.52;100;5.13;294;пасмурно;0.;0.;2023-12-31 08:59:49;2023-12-31 16:04:15
